algorithm,residuals,n_probe,build_elapsed_ms,search_p50_ms,search_p95_ms,mean_recall_at_k
ivf,na,8,1453.000,0.469542,0.766000,0.166000
ivf_pq,true,8,9325.000,0.475416,0.901458,0.107500
ivf_pq,false,8,8790.000,0.291292,0.450750,0.119500
ivf,na,16,3970.000,2.434625,4.027167,0.290500
ivf_pq,true,16,20721.000,2.350041,5.996167,0.172500
ivf_pq,false,16,21072.000,0.824291,1.399292,0.177500
